﻿<krpano version="1.20.11" title="Virtual Tour">

	<include url="skin/vtourskin.xml" />

	<!-- customize skin settings: maps, gyro, webvr, thumbnails, tooltips, layout, design, ... -->
	<skin_settings maps="true"
	               maps_type="google"
	               maps_bing_api_key=""
	               maps_google_api_key=""
	               maps_zoombuttons="false"
	               maps_loadonfirstuse="true"
	               gyro="true"
	               gyro_keeplookingdirection="false"
	               webvr="true"
	               webvr_keeplookingdirection="true"
	               webvr_prev_next_hotspots="true"
	               autotour="false"
	               littleplanetintro="false"
	               followmousecontrol="false"
	               title="true"
	               thumbs="true"
	               thumbs_width="120" thumbs_height="80" thumbs_padding="10" thumbs_crop="0|40|240|160"
	               thumbs_opened="false"
	               thumbs_text="false"
	               thumbs_dragging="true"
	               thumbs_onhoverscrolling="false"
	               thumbs_scrollbuttons="false"
	               thumbs_scrollindicator="false"
	               thumbs_loop="false"
	               tooltips_buttons="false"
	               tooltips_thumbs="false"
	               tooltips_hotspots="false"
	               tooltips_mapspots="false"
	               deeplinking="false"
	               loadscene_flags="MERGE"
	               loadscene_blend="OPENBLEND(0.5, 0.0, 0.75, 0.05, linear)"
	               loadscene_blend_prev="SLIDEBLEND(0.5, 180, 0.75, linear)"
	               loadscene_blend_next="SLIDEBLEND(0.5,   0, 0.75, linear)"
	               loadingtext=""
	               layout_width="100%"
	               layout_maxwidth="814"
	               controlbar_width="-24"
	               controlbar_height="40"
	               controlbar_offset="20"
	               controlbar_offset_closed="-40"
	               controlbar_overlap.no-fractionalscaling="10"
	               controlbar_overlap.fractionalscaling="0"
	               design_skin_images="vtourskin.png"
	               design_bgcolor="0x2D3E50"
	               design_bgalpha="0.8"
	               design_bgborder="0"
	               design_bgroundedge="1"
	               design_bgshadow="0 4 10 0x000000 0.3"
	               design_thumbborder_bgborder="3 0xFFFFFF 1.0"
	               design_thumbborder_padding="2"
	               design_thumbborder_bgroundedge="0"
	               design_text_css="color:#FFFFFF; font-family:Arial;"
	               design_text_shadow="1"
	               />

	<!--
	    For an alternative skin design either change the <skin_settings> values 
	    from above or optionally include one of the predefined designs from below.
	-->
	<!-- <include url="skin/vtourskin_design_flat_light.xml"  /> -->
	<!-- <include url="skin/vtourskin_design_glass.xml"       /> -->
	<!-- <include url="skin/vtourskin_design_ultra_light.xml" /> -->
	<!-- <include url="skin/vtourskin_design_117.xml"         /> -->
	<!-- <include url="skin/vtourskin_design_117round.xml"    /> -->
	<!-- <include url="skin/vtourskin_design_black.xml"       /> -->


	
	<scene name="scene_IMG_20230705_142414_00_004" title="IMG_20230705_142414_00_004" onstart="" thumburl="panos/IMG_20230705_142414_00_004.tiles/thumb.jpg" lat="37.42236111" lng="-5.93452778" heading="0.0">
		
		<control bouncinglimits="calc:image.cube ? true : false" />

		<view hlookat="-217.185" vlookat="25.506" fovtype="MFOV" fov="120.000" maxpixelzoom="2.0" fovmin="70" fovmax="140" limitview="auto" />

		<preview url="panos/IMG_20230705_142414_00_004.tiles/preview.jpg" />

		<image>
			<cube url="panos/IMG_20230705_142414_00_004.tiles/%s/l%l/%v/l%l_%s_%v_%h.jpg" multires="512,1024,2048" />
		</image>
		<hotspot name="spot1" style="skin_hotspotstyle" ath="6.904" atv="21.000" linkedscene="scene_img_20230705_142830_00_005" />

	</scene>

	<scene name="scene_IMG_20230705_142830_00_005" title="IMG_20230705_142830_00_005" onstart="" thumburl="panos/IMG_20230705_142830_00_005.tiles/thumb.jpg" lat="37.42236111" lng="-5.93450000" heading="0.0">
		
		<control bouncinglimits="calc:image.cube ? true : false" />

		<view hlookat="-344.404" vlookat="19.569" fovtype="MFOV" fov="120.000" maxpixelzoom="2.0" fovmin="70" fovmax="140" limitview="auto" />

		<preview url="panos/IMG_20230705_142830_00_005.tiles/preview.jpg" />

		<image>
			<cube url="panos/IMG_20230705_142830_00_005.tiles/%s/l%l/%v/l%l_%s_%v_%h.jpg" multires="512,1024,2048" />
		</image>
		<hotspot name="spot1" style="skin_hotspotstyle" ath="80.759" atv="21.304" linkedscene="scene_img_20230705_143731_00_009" />
		<hotspot name="spot2" style="skin_hotspotstyle" ath="22.120" atv="20.721" linkedscene="scene_img_20230705_142414_00_004" />

	</scene>

	<scene name="scene_IMG_20230705_143631_00_008" title="IMG_20230705_143631_00_008" onstart="" thumburl="panos/IMG_20230705_143631_00_008.tiles/thumb.jpg" lat="37.42238889" lng="-5.93461111" heading="0.0">
		
		<control bouncinglimits="calc:image.cube ? true : false" />

		<view hlookat="84.610" vlookat="20.449" fovtype="MFOV" fov="120.000" maxpixelzoom="2.0" fovmin="70" fovmax="140" limitview="auto" />

		<preview url="panos/IMG_20230705_143631_00_008.tiles/preview.jpg" />

		<image>
			<cube url="panos/IMG_20230705_143631_00_008.tiles/%s/l%l/%v/l%l_%s_%v_%h.jpg" multires="512,1024,2048" />
		</image>
		<hotspot name="spot1" style="skin_hotspotstyle" ath="90.225" atv="30.258" linkedscene="scene_img_20230705_143731_00_009" />

	</scene>

	<scene name="scene_IMG_20230705_143731_00_009" title="IMG_20230705_143731_00_009" onstart="" thumburl="panos/IMG_20230705_143731_00_009.tiles/thumb.jpg" lat="37.42238889" lng="-5.93461111" heading="0.0">
		
		<control bouncinglimits="calc:image.cube ? true : false" />

		<view hlookat="-188.373" vlookat="72.059" fovtype="MFOV" fov="120.000" maxpixelzoom="2.0" fovmin="70" fovmax="140" limitview="auto" />

		<preview url="panos/IMG_20230705_143731_00_009.tiles/preview.jpg" />

		<image>
			<cube url="panos/IMG_20230705_143731_00_009.tiles/%s/l%l/%v/l%l_%s_%v_%h.jpg" multires="512,1024,2048" />
		</image>
		<hotspot name="spot1" style="skin_hotspotstyle" ath="172.662" atv="39.613" linkedscene="scene_img_20230705_142830_00_005" />
		<hotspot name="spot2" style="skin_hotspotstyle" ath="85.793" atv="47.999" linkedscene="scene_img_20230705_144351_00_012" />
		<hotspot name="spot3" style="skin_hotspotstyle" ath="-102.543" atv="47.913" linkedscene="scene_img_20230705_143910_00_010" />
		<hotspot name="spot4" style="skin_hotspotstyle" ath="-6.166" atv="14.828" linkedscene="scene_img_20230705_143631_00_008" />

	</scene>

	<scene name="scene_IMG_20230705_143910_00_010" title="IMG_20230705_143910_00_010" onstart="" thumburl="panos/IMG_20230705_143910_00_010.tiles/thumb.jpg" lat="37.42236111" lng="-5.93463889" heading="0.0">
		
		<control bouncinglimits="calc:image.cube ? true : false" />

		<view hlookat="-349.405" vlookat="9.975" fovtype="MFOV" fov="127.020" maxpixelzoom="2.0" fovmin="70" fovmax="140" limitview="auto" />

		<preview url="panos/IMG_20230705_143910_00_010.tiles/preview.jpg" />

		<image>
			<cube url="panos/IMG_20230705_143910_00_010.tiles/%s/l%l/%v/l%l_%s_%v_%h.jpg" multires="512,1024,2048" />
		</image>
		<hotspot name="spot1" style="skin_hotspotstyle" ath="-137.119" atv="25.626" linkedscene="scene_img_20230705_143731_00_009" />

	</scene>

	<scene name="scene_IMG_20230705_144351_00_012" title="IMG_20230705_144351_00_012" onstart="" thumburl="panos/IMG_20230705_144351_00_012.tiles/thumb.jpg" lat="37.42238889" lng="-5.93461111" heading="0.0">
		
		<control bouncinglimits="calc:image.cube ? true : false" />

		<view hlookat="-7.824" vlookat="9.764" fovtype="MFOV" fov="123.430" maxpixelzoom="2.0" fovmin="70" fovmax="140" limitview="auto" />

		<preview url="panos/IMG_20230705_144351_00_012.tiles/preview.jpg" />

		<image>
			<cube url="panos/IMG_20230705_144351_00_012.tiles/%s/l%l/%v/l%l_%s_%v_%h.jpg" multires="512,1024,2048" />
		</image>
		<hotspot name="spot1" style="skin_hotspotstyle" ath="174.087" atv="13.236" linkedscene="scene_img_20230705_143731_00_009" />

	</scene>


</krpano>
