﻿<krpano version="1.20.11" title="Virtual Tour">

	<include url="skin/vtourskin.xml" />

	<!-- customize skin settings: maps, gyro, webvr, thumbnails, tooltips, layout, design, ... -->
	<skin_settings maps="true"
	               maps_type="google"
	               maps_bing_api_key=""
	               maps_google_api_key=""
	               maps_zoombuttons="false"
	               maps_loadonfirstuse="true"
	               gyro="true"
	               gyro_keeplookingdirection="false"
	               webvr="true"
	               webvr_keeplookingdirection="true"
	               webvr_prev_next_hotspots="true"
	               autotour="false"
	               littleplanetintro="false"
	               followmousecontrol="false"
	               title="true"
	               thumbs="true"
	               thumbs_width="120" thumbs_height="80" thumbs_padding="10" thumbs_crop="0|40|240|160"
	               thumbs_opened="false"
	               thumbs_text="false"
	               thumbs_dragging="true"
	               thumbs_onhoverscrolling="false"
	               thumbs_scrollbuttons="false"
	               thumbs_scrollindicator="false"
	               thumbs_loop="false"
	               tooltips_buttons="false"
	               tooltips_thumbs="false"
	               tooltips_hotspots="false"
	               tooltips_mapspots="false"
	               deeplinking="false"
	               loadscene_flags="MERGE"
	               loadscene_blend="OPENBLEND(0.5, 0.0, 0.75, 0.05, linear)"
	               loadscene_blend_prev="SLIDEBLEND(0.5, 180, 0.75, linear)"
	               loadscene_blend_next="SLIDEBLEND(0.5,   0, 0.75, linear)"
	               loadingtext=""
	               layout_width="100%"
	               layout_maxwidth="814"
	               controlbar_width="-24"
	               controlbar_height="40"
	               controlbar_offset="20"
	               controlbar_offset_closed="-40"
	               controlbar_overlap.no-fractionalscaling="10"
	               controlbar_overlap.fractionalscaling="0"
	               design_skin_images="vtourskin.png"
	               design_bgcolor="0x2D3E50"
	               design_bgalpha="0.8"
	               design_bgborder="0"
	               design_bgroundedge="1"
	               design_bgshadow="0 4 10 0x000000 0.3"
	               design_thumbborder_bgborder="3 0xFFFFFF 1.0"
	               design_thumbborder_padding="2"
	               design_thumbborder_bgroundedge="0"
	               design_text_css="color:#FFFFFF; font-family:Arial;"
	               design_text_shadow="1"
	               />

	<!--
	    For an alternative skin design either change the <skin_settings> values 
	    from above or optionally include one of the predefined designs from below.
	-->
	<!-- <include url="skin/vtourskin_design_flat_light.xml"  /> -->
	<!-- <include url="skin/vtourskin_design_glass.xml"       /> -->
	<!-- <include url="skin/vtourskin_design_ultra_light.xml" /> -->
	<!-- <include url="skin/vtourskin_design_117.xml"         /> -->
	<!-- <include url="skin/vtourskin_design_117round.xml"    /> -->
	<!-- <include url="skin/vtourskin_design_black.xml"       /> -->

	<scene name="scene_Pasillo_1(1)" title="Pasillo 1(1)" onstart="" thumburl="panos/Pasillo_1(1).tiles/thumb.jpg" lat="" lng="" heading="">
		
		<control bouncinglimits="calc:image.cube ? true : false" />

		<view hlookat="-274.846" vlookat="12.986" fovtype="MFOV" fov="140.000" maxpixelzoom="2.0" fovmin="70" fovmax="140" limitview="auto" />

		<preview url="panos/Pasillo_1(1).tiles/preview.jpg" />

		<image>
			<cube url="panos/Pasillo_1(1).tiles/%s/l%l/%v/l%l_%s_%v_%h.jpg" multires="512,1024,2048" />
		</image>
		<hotspot name="spot1" style="skin_hotspotstyle" ath="88.546" atv="43.348" linkedscene="scene_pasillo_2(1)" />

	</scene>
	
	<scene name="scene_Bano(1)" title="Bano(1)" onstart="" thumburl="panos/Bano(1).tiles/thumb.jpg" lat="37.42238889" lng="-5.93461111" heading="0.0">
		
		<control bouncinglimits="calc:image.cube ? true : false" />

		<view hlookat="-123.362" vlookat="10.394" fovtype="MFOV" fov="120.000" maxpixelzoom="2.0" fovmin="70" fovmax="140" limitview="auto" />

		<preview url="panos/Bano(1).tiles/preview.jpg" />

		<image>
			<cube url="panos/Bano(1).tiles/%s/l%l/%v/l%l_%s_%v_%h.jpg" multires="512,1024,2048" />
		</image>
		<hotspot name="spot1" style="skin_hotspotstyle" ath="171.713" atv="19.352" linkedscene="scene_pasillo_2(1)" />

	</scene>

	<scene name="scene_Habitacipzn_principal(1)" title="Habitación principal(1)" onstart="" thumburl="panos/Habitacipzn_principal(1).tiles/thumb.jpg" lat="37.42236111" lng="-5.93452778" heading="0.0">
		
		<control bouncinglimits="calc:image.cube ? true : false" />

		<view hlookat="35.603" vlookat="8.111" fovtype="MFOV" fov="120.000" maxpixelzoom="2.0" fovmin="70" fovmax="140" limitview="auto" />

		<preview url="panos/Habitacipzn_principal(1).tiles/preview.jpg" />

		<image>
			<cube url="panos/Habitacipzn_principal(1).tiles/%s/l%l/%v/l%l_%s_%v_%h.jpg" multires="512,1024,2048" />
		</image>
		<hotspot name="spot1" style="skin_hotspotstyle" ath="6.318" atv="24.346" linkedscene="scene_patio(1)" />

	</scene>

	<scene name="scene_Pasillo_2(1)" title="Pasillo 2(1)" onstart="" thumburl="panos/Pasillo_2(1).tiles/thumb.jpg" lat="37.42238889" lng="-5.93461111" heading="0.0">
		
		<control bouncinglimits="calc:image.cube ? true : false" />

		<view hlookat="-191.048" vlookat="75.061" fovtype="MFOV" fov="120.000" maxpixelzoom="2.0" fovmin="70" fovmax="140" limitview="auto" />

		<preview url="panos/Pasillo_2(1).tiles/preview.jpg" />

		<image>
			<cube url="panos/Pasillo_2(1).tiles/%s/l%l/%v/l%l_%s_%v_%h.jpg" multires="512,1024,2048" />
		</image>
		<hotspot name="spot1" style="skin_hotspotstyle" ath="83.958" atv="55.990" linkedscene="scene_bano(1)" />
		<hotspot name="spot2" style="skin_hotspotstyle" ath="174.163" atv="55.241" linkedscene="scene_patio(1)" />
		<hotspot name="spot3" style="skin_hotspotstyle" ath="-97.696" atv="60.148" linkedscene="scene_salita(1)" />
		<hotspot name="spot4" style="skin_hotspotstyle" ath="-7.306" atv="50.845" linkedscene="scene_pasillo_1(1)" />

	</scene>

	<scene name="scene_Patio(1)" title="Patio(1)" onstart="" thumburl="panos/Patio(1).tiles/thumb.jpg" lat="37.42236111" lng="-5.93450000" heading="0.0">
		
		<control bouncinglimits="calc:image.cube ? true : false" />

		<view hlookat="17.585" vlookat="7.442" fovtype="MFOV" fov="120.000" maxpixelzoom="2.0" fovmin="70" fovmax="140" limitview="auto" />

		<preview url="panos/Patio(1).tiles/preview.jpg" />

		<image>
			<cube url="panos/Patio(1).tiles/%s/l%l/%v/l%l_%s_%v_%h.jpg" multires="512,1024,2048" />
		</image>
		<hotspot name="spot1" style="skin_hotspotstyle" ath="21.053" atv="15.039" linkedscene="scene_habitacipzn_principal(1)" />
		<hotspot name="spot2" style="skin_hotspotstyle" ath="79.927" atv="18.743" linkedscene="scene_pasillo_2(1)" />

	</scene>

	<scene name="scene_Salita(1)" title="Salita(1)" onstart="" thumburl="panos/Salita(1).tiles/thumb.jpg" lat="37.42236111" lng="-5.93463889" heading="0.0">
		
		<control bouncinglimits="calc:image.cube ? true : false" />

		<view hlookat="-125.151" vlookat="5.360" fovtype="MFOV" fov="120.000" maxpixelzoom="2.0" fovmin="70" fovmax="140" limitview="auto" />

		<preview url="panos/Salita(1).tiles/preview.jpg" />

		<image>
			<cube url="panos/Salita(1).tiles/%s/l%l/%v/l%l_%s_%v_%h.jpg" multires="512,1024,2048" />
		</image>
		<hotspot name="spot1" style="skin_hotspotstyle" ath="-139.541" atv="21.993" linkedscene="scene_pasillo_2(1)" />

	</scene>


</krpano>
